City_ID,City,Country,Date,Lat,Lng,Max Temp,Humidity,Cloudiness,Wind Speed
0,Fare,PF,2022-05-17 20:49:42,-16.7,-151.0167,81.03,73,71,15.52
1,Saldanha,ZA,2022-05-17 20:45:04,-33.0117,17.9442,71.65,48,100,12.35
2,New Norfolk,AU,2022-05-17 20:49:43,-42.7826,147.0587,47.91,76,66,1.01
3,Vaini,TO,2022-05-17 20:49:43,-21.2,-175.2,75.36,78,40,6.91
4,Lavrentiya,RU,2022-05-17 20:49:45,65.5833,-171.0,30.02,77,65,4.9
5,Qaanaaq,GL,2022-05-17 20:49:45,77.484,-69.3632,25.65,76,40,5.26
6,East London,ZA,2022-05-17 20:49:46,-33.0153,27.9116,70.72,51,0,6.76
7,Cidreira,BR,2022-05-17 20:49:46,-30.1811,-50.2056,53.28,73,70,28.41
8,Puerto Del Rosario,ES,2022-05-17 20:49:47,28.5004,-13.8627,71.35,68,20,13.8
9,Katsuura,JP,2022-05-17 20:49:47,35.1333,140.3,62.38,86,91,1.83
10,Atuona,PF,2022-05-17 20:49:48,-9.8,-139.0333,78.98,70,69,15.7
11,Butaritari,KI,2022-05-17 20:49:49,3.0707,172.7902,82.2,70,4,11.9
12,Cape Town,ZA,2022-05-17 20:47:52,-33.9258,18.4232,70.21,40,0,5.75
13,Nioro,GM,2022-05-17 20:49:50,13.35,-15.75,84.76,46,68,13.06
14,Maceio,BR,2022-05-17 20:49:50,-9.6658,-35.7353,81.84,78,20,6.91
15,Kuching,MY,2022-05-17 20:49:51,1.55,110.3333,75.42,100,40,3.44
16,Torbay,CA,2022-05-17 20:49:51,47.6666,-52.7314,49.28,74,75,18.41
17,Mataura,NZ,2022-05-17 20:49:52,-46.1927,168.8643,43.48,84,39,3.98
18,Khatanga,RU,2022-05-17 20:49:53,71.9667,102.5,32.54,87,98,10.07
19,Rehoboth,NA,2022-05-17 20:49:54,-23.3167,17.0833,60.12,38,80,3.98
20,Lagoa,PT,2022-05-17 20:49:54,39.05,-27.9833,56.61,62,100,21.83
21,Hobart,AU,2022-05-17 20:49:55,-42.8794,147.3294,48.25,75,40,14.97
22,Green River,US,2022-05-17 20:49:55,41.5286,-109.4662,70.2,40,100,7.0
23,Bathsheba,BB,2022-05-17 20:49:56,13.2167,-59.5167,84.81,70,40,23.02
24,Mayna,RU,2022-05-17 20:49:57,54.1135,47.6231,40.23,91,23,3.4
25,Araouane,ML,2022-05-17 20:49:57,18.9048,-3.5265,90.79,7,0,8.9
26,Bluff,NZ,2022-05-17 20:49:58,-46.6,168.3333,43.81,81,68,11.27
27,Severo-Kurilsk,RU,2022-05-17 20:48:39,50.6789,156.125,44.01,72,80,2.35
28,Bajina Basta,RS,2022-05-17 20:49:59,43.9708,19.5675,58.87,96,99,4.18
29,Deputatskiy,RU,2022-05-17 20:46:14,69.3,139.9,25.29,95,100,1.92
30,Beringovskiy,RU,2022-05-17 20:50:01,63.05,179.3167,38.95,81,96,3.51
31,Vygonichi,RU,2022-05-17 20:50:02,53.0985,34.0673,46.51,76,62,11.18
32,Ushuaia,AR,2022-05-17 20:48:52,-54.8,-68.3,44.26,70,75,3.44
33,Srivardhan,IN,2022-05-17 20:50:03,18.0333,73.0167,81.39,83,100,3.49
34,Rikitea,PF,2022-05-17 20:50:03,-23.1203,-134.9692,76.3,78,23,20.54
35,Adwa,ET,2022-05-17 20:50:04,14.1646,38.8955,68.97,28,3,2.66
36,Norman Wells,CA,2022-05-17 20:50:04,65.282,-126.8329,57.24,47,40,5.75
37,Shingu,JP,2022-05-17 20:50:05,33.7333,135.9833,57.9,82,80,4.09
38,Bredasdorp,ZA,2022-05-17 20:50:06,-34.5322,20.0403,63.19,65,92,4.5
39,Provideniya,RU,2022-05-17 20:50:07,64.3833,-173.3,28.51,93,75,8.95
40,Aripuana,BR,2022-05-17 20:50:08,-9.1667,-60.6333,78.82,66,78,3.4
41,Pisco,PE,2022-05-17 20:50:08,-13.7,-76.2167,63.01,94,100,6.91
42,Bitung,ID,2022-05-17 20:50:09,1.4451,125.1824,74.25,82,71,3.18
43,Zambezi,ZM,2022-05-17 20:50:10,-13.5432,23.1047,61.12,77,41,5.03
44,Semirom,IR,2022-05-17 20:51:10,31.4167,51.5667,58.05,28,39,6.96
45,Yellowknife,CA,2022-05-17 20:51:11,62.456,-114.3525,55.92,41,75,17.27
46,Camana,PE,2022-05-17 20:51:11,-16.6228,-72.7111,68.36,72,12,8.34
47,Saint-Augustin,CA,2022-05-17 20:50:07,51.226,-58.6502,40.1,91,100,15.73
48,Hilo,US,2022-05-17 20:51:13,19.7297,-155.09,82.27,100,100,4.61
49,Punta Arenas,CL,2022-05-17 20:51:13,-53.15,-70.9167,46.42,87,100,11.5
50,Puerto Ayora,EC,2022-05-17 20:51:14,-0.7393,-90.3518,82.36,91,88,4.0
51,Kapaa,US,2022-05-17 20:51:14,22.0752,-159.319,80.58,92,75,12.66
52,Upernavik,GL,2022-05-17 20:51:15,72.7868,-56.1549,24.28,83,18,7.9
53,Saint George,US,2022-05-17 20:51:15,37.1041,-113.5841,96.64,10,0,9.22
54,Bethel,US,2022-05-17 20:51:17,41.3712,-73.414,75.2,42,40,11.5
55,Muros,ES,2022-05-17 20:51:17,42.7762,-9.0603,59.68,92,56,3.76
56,Solnechnyy,RU,2022-05-17 20:48:00,50.7214,136.6319,41.59,90,92,3.94
57,Belmonte,BR,2022-05-17 20:51:19,-15.8631,-38.8828,79.09,87,1,10.96
58,Necochea,AR,2022-05-17 20:50:02,-38.5473,-58.7368,50.99,67,100,19.01
59,Russell,US,2022-05-17 20:51:20,32.3502,-85.1999,88.75,23,0,8.05
60,Ponta Do Sol,PT,2022-05-17 20:51:21,32.6667,-17.1,72.01,85,46,3.42
61,Meridian,US,2022-05-17 20:51:21,43.6121,-116.3915,72.95,36,0,16.11
62,Nakamura,JP,2022-05-17 20:51:23,32.9833,132.9333,57.45,86,100,3.11
63,Dikson,RU,2022-05-17 20:51:23,73.5069,80.5464,33.87,99,100,6.8
64,Busselton,AU,2022-05-17 20:51:24,-33.65,115.3333,59.05,91,100,10.87
65,Noumea,NC,2022-05-17 20:49:07,-22.2763,166.4572,75.99,99,49,4.83
66,Marawi,PH,2022-05-17 20:51:25,7.9986,124.2928,68.83,93,75,1.86
67,Richards Bay,ZA,2022-05-17 20:51:26,-28.783,32.0377,68.29,79,0,10.78
68,Dukat,RU,2022-05-17 20:51:27,62.55,155.55,30.15,92,100,5.46
69,Altay,CN,2022-05-17 20:51:27,47.8667,88.1167,57.09,47,0,6.82
70,Caarapo,BR,2022-05-17 20:51:28,-22.6342,-54.8222,52.18,63,1,8.55
71,Vao,NC,2022-05-17 20:51:29,-22.6667,167.4833,75.56,77,33,16.17
72,Hermanus,ZA,2022-05-17 20:51:30,-34.4187,19.2345,69.98,44,100,7.96
73,Tautira,PF,2022-05-17 20:51:30,-17.7333,-149.15,80.17,74,50,10.22
74,Thompson,CA,2022-05-17 20:51:31,55.7435,-97.8558,53.76,35,40,4.61
75,Pacific Grove,US,2022-05-17 20:51:31,36.6177,-121.9166,72.81,75,75,11.5
76,Georgetown,MY,2022-05-17 20:51:32,5.4112,100.3354,80.53,93,20,2.3
77,Port-Gentil,GA,2022-05-17 20:51:32,-0.7193,8.7815,80.29,81,79,4.94
78,Pasir Gudang,MY,2022-05-17 20:46:47,1.4584,103.8805,80.8,88,75,2.3
79,Avarua,CK,2022-05-17 20:51:34,-21.2078,-159.775,82.45,74,40,3.44
80,La Asuncion,VE,2022-05-17 20:51:34,11.0333,-63.8628,85.73,74,87,23.02
81,Sola,VU,2022-05-17 20:51:35,-13.8833,167.55,80.6,78,95,11.23
82,Hualmay,PE,2022-05-17 20:51:35,-11.0964,-77.6139,66.2,78,70,7.7
83,Hofn,IS,2022-05-17 20:51:36,64.2539,-15.2082,47.44,88,100,12.44
84,Tamandare,BR,2022-05-17 20:51:36,-8.7597,-35.1047,78.98,80,98,6.53
85,Silvania,BR,2022-05-17 20:51:37,-16.6589,-48.6081,65.61,57,1,10.33
86,Verkhoyansk,RU,2022-05-17 20:51:37,67.5447,133.385,32.95,92,100,2.93
87,West Lafayette,US,2022-05-17 20:48:20,40.4259,-86.9081,78.12,36,40,1.01
88,Jamestown,US,2022-05-17 20:51:39,42.097,-79.2353,58.51,58,40,18.41
89,Huarmey,PE,2022-05-17 20:52:40,-10.0681,-78.1522,68.49,75,64,8.55
90,Khani,GE,2022-05-17 20:52:41,41.9563,42.9566,44.17,86,2,4.09
91,Lagos,NG,2022-05-17 20:49:04,6.5833,3.75,80.92,88,100,3.53
92,Karanpura,IN,2022-05-17 20:52:42,29.1018,75.092,88.25,12,2,8.01
93,Kenora,CA,2022-05-17 20:52:42,49.8167,-94.4337,58.17,44,75,8.05
94,Tehachapi,US,2022-05-17 20:52:43,35.1322,-118.449,84.33,33,0,15.01
95,Ossora,RU,2022-05-17 20:52:44,59.2353,163.0719,34.3,100,100,2.1
96,Adrar,MR,2022-05-17 20:52:44,20.5022,-10.0711,88.81,10,7,11.27
97,San Policarpo,PH,2022-05-17 20:52:45,12.1791,125.5072,80.42,83,83,10.67
98,Sinnamary,GF,2022-05-17 20:52:45,5.3833,-52.95,79.88,88,100,11.88
99,Saint-Pierre,RE,2022-05-17 20:52:46,-21.3393,55.4781,69.48,73,0,6.91
100,Lompoc,US,2022-05-17 20:52:46,34.6391,-120.4579,74.84,63,0,35.01
101,Bubaque,GW,2022-05-17 20:52:47,11.2833,-15.8333,79.77,85,68,18.48
102,Airai,TL,2022-05-17 20:52:47,-8.9266,125.4092,57.09,79,22,2.91
103,Urucara,BR,2022-05-17 20:52:48,-2.5364,-57.76,79.03,94,89,2.19
104,Severnyy,RU,2022-05-17 20:52:49,50.677,36.5532,48.24,61,0,6.71
105,Husavik,IS,2022-05-17 20:52:50,66.0449,-17.3389,51.91,72,100,16.44
106,Inhambane,MZ,2022-05-17 20:52:50,-23.865,35.3833,70.47,82,27,9.71
107,Atbasar,KZ,2022-05-17 20:52:51,51.8,68.3333,57.97,61,100,4.41
108,Bandarbeyla,SO,2022-05-17 20:52:51,9.4942,50.8122,83.97,72,89,22.48
109,Paamiut,GL,2022-05-17 20:52:52,61.994,-49.6678,34.48,87,100,15.57
110,Aklavik,CA,2022-05-17 20:52:52,68.2191,-135.0107,26.6,80,100,13.8
111,Carnarvon,AU,2022-05-17 20:52:53,-24.8667,113.6333,72.25,64,71,8.93
112,Albany,US,2022-05-17 20:52:53,42.6001,-73.9662,66.16,49,31,3.0
113,Mar Del Plata,AR,2022-05-17 20:48:25,-38.0023,-57.5575,54.95,69,75,20.71
114,Esperance,AU,2022-05-17 20:52:55,-33.8667,121.9,57.88,86,2,18.61
115,Bo Phloi,TH,2022-05-17 20:52:56,14.3236,99.5161,82.31,93,100,2.24
116,Rio Gallegos,AR,2022-05-17 20:48:54,-51.6226,-69.2181,48.25,87,75,5.75
117,College,US,2022-05-17 20:52:58,64.8569,-147.8028,52.81,58,40,8.05
118,Takoradi,GH,2022-05-17 20:52:59,4.8845,-1.7554,79.88,87,60,8.37
119,Eskisehir,TR,2022-05-17 20:49:16,39.7767,30.5206,58.87,62,0,4.61
120,Gaoyou,CN,2022-05-17 20:53:00,32.7858,119.4278,62.96,53,0,6.93
121,Fortuna,US,2022-05-17 20:53:01,40.5982,-124.1573,64.85,73,40,18.41
122,Pangnirtung,CA,2022-05-17 20:53:01,66.1451,-65.7125,26.6,86,75,11.5
123,Lom Sak,TH,2022-05-17 20:53:02,16.7798,101.2422,75.0,78,100,3.44
124,Asau,RO,2022-05-17 20:53:02,46.4333,26.4,55.96,100,100,7.02
125,Touros,BR,2022-05-17 20:53:03,-5.1989,-35.4608,79.99,77,47,10.63
126,Saint-Philippe,RE,2022-05-17 20:53:03,-21.3585,55.7679,69.39,70,66,11.63
127,Lesosibirsk,RU,2022-05-17 20:53:04,58.2358,92.4828,59.67,72,60,6.85
128,Valley City,US,2022-05-17 20:53:04,46.9233,-98.0032,54.12,100,0,6.91
129,Meulaboh,ID,2022-05-17 20:53:05,4.1363,96.1285,77.36,87,100,3.62
130,Kamariotissa,GR,2022-05-17 20:53:06,40.4833,25.4667,68.34,69,15,3.87
131,Trelew,AR,2022-05-17 20:52:56,-43.249,-65.3051,53.17,43,8,14.76
132,Buchanan,LR,2022-05-17 20:54:07,5.8808,-10.0467,80.15,85,91,9.1
133,Alofi,NU,2022-05-17 20:52:50,-19.0595,-169.9187,76.89,69,40,14.97
134,Margate,GB,2022-05-17 20:54:08,51.3813,1.3862,63.1,81,100,1.01
135,Ribeira Grande,PT,2022-05-17 20:54:08,38.5167,-28.7,59.4,63,40,17.27
136,Belyy Yar,RU,2022-05-17 20:54:09,53.6039,91.3903,53.49,66,0,4.47
137,Ulaangom,MN,2022-05-17 20:54:10,49.9811,92.0667,58.19,49,83,3.53
138,Hithadhoo,MV,2022-05-17 20:54:10,-0.6,73.0833,84.22,71,100,19.48
139,Ndende,GA,2022-05-17 20:54:12,-2.4008,11.3581,74.39,96,100,2.57
140,Mao,ES,2022-05-17 20:54:12,39.8885,4.2658,66.76,94,75,3.44
141,Hasaki,JP,2022-05-17 20:54:13,35.7333,140.8333,54.28,79,93,4.18
142,Kaitangata,NZ,2022-05-17 20:54:14,-46.2817,169.8464,46.27,85,39,5.14
143,Menongue,AO,2022-05-17 20:54:15,-14.6585,17.691,56.52,63,19,2.8
144,Savannah Bight,HN,2022-05-17 20:54:15,16.45,-85.85,81.99,70,22,8.03
145,Gulu,UG,2022-05-17 20:54:16,2.7746,32.299,69.04,74,69,5.48
146,Ugoofaaru,MV,2022-05-17 20:54:17,5.6667,73.0,82.99,76,100,23.6
147,Sucua,EC,2022-05-17 20:54:17,-2.4667,-78.1667,68.74,100,100,2.3
148,Vasteras,SE,2022-05-17 20:54:07,59.6162,16.5528,47.86,57,14,2.3
149,Aranos,NA,2022-05-17 20:54:18,-24.1333,19.1167,61.88,41,44,10.89
150,Suntar,RU,2022-05-17 20:54:19,62.1444,117.6319,40.1,89,100,5.39
151,Hervey Bay,AU,2022-05-17 20:54:19,-25.2986,152.8535,70.02,96,70,7.0
152,Pringsewu,ID,2022-05-17 20:54:20,-5.3582,104.9744,74.71,95,81,3.31
153,Rocha,UY,2022-05-17 20:54:21,-34.4833,-54.3333,55.78,89,100,29.01
154,Iqaluit,CA,2022-05-17 20:54:21,63.7506,-68.5145,26.33,86,100,11.5
155,Atambua,ID,2022-05-17 20:54:22,-9.1061,124.8925,70.54,87,17,5.14
156,Chuy,UY,2022-05-17 20:54:22,-33.6971,-53.4616,57.9,88,100,26.71
157,Ahipara,NZ,2022-05-17 20:54:23,-35.1667,173.1667,66.42,96,100,7.72
158,Kodiak,US,2022-05-17 20:54:23,57.79,-152.4072,45.37,71,48,5.93
159,San Quintin,MX,2022-05-17 20:54:24,30.4833,-115.95,64.72,65,0,17.2
160,Samarai,PG,2022-05-17 20:54:26,-10.6167,150.6667,80.37,75,3,2.01
161,Jatiroto,ID,2022-05-17 20:54:26,-7.8833,111.1167,73.9,92,99,1.36
162,Neryungri,RU,2022-05-17 20:54:27,56.6709,124.6491,30.67,95,100,3.83
163,Sioux Lookout,CA,2022-05-17 20:54:27,50.1001,-91.917,55.47,33,75,3.44
164,Lisala,CD,2022-05-17 20:54:28,2.15,21.5167,73.42,85,99,1.25
165,Tagusao,PH,2022-05-17 20:54:28,9.1924,117.8141,78.8,78,100,3.71
166,Lac-Megantic,CA,2022-05-17 20:54:29,45.5834,-70.8823,51.55,94,100,16.55
167,Kamenka,RU,2022-05-17 20:54:29,51.3223,42.7678,42.28,94,38,9.42
168,Barrow,US,2022-05-17 20:54:30,71.2906,-156.7887,17.94,86,27,8.81
169,Sur,OM,2022-05-17 20:54:31,22.5667,59.5289,86.58,47,0,14.99
170,Angoche,MZ,2022-05-17 20:54:31,-16.2325,39.9086,71.98,81,3,7.02
171,Faanui,PF,2022-05-17 20:54:32,-16.4833,-151.75,81.12,74,47,14.25
172,Havoysund,NO,2022-05-17 20:54:32,70.9963,24.6622,35.83,73,94,11.12
173,Grand Haven,US,2022-05-17 20:54:33,43.0631,-86.2284,64.33,49,75,11.5
174,Luderitz,NA,2022-05-17 20:54:34,-26.6481,15.1594,73.42,36,92,9.06
175,Mwene-Ditu,CD,2022-05-17 20:54:34,-7.0,23.45,71.4,69,72,3.29
176,Sept-Iles,CA,2022-05-17 20:54:35,50.2001,-66.3821,43.32,95,100,19.57
177,Westport,US,2022-05-17 20:55:35,41.1415,-73.3579,77.36,37,45,8.99
178,Gamba,GA,2022-05-17 20:55:36,-2.65,10.0,77.47,88,100,4.14
179,Leningradskiy,RU,2022-05-17 20:55:36,69.3833,178.4167,31.59,97,100,6.08
180,Tasiilaq,GL,2022-05-17 20:55:37,65.6145,-37.6368,37.33,97,100,3.44
181,Berlevag,NO,2022-05-17 20:55:38,70.8578,29.0864,35.55,80,75,14.97
182,Nikolskoye,RU,2022-05-17 20:55:38,59.7035,30.7861,44.8,75,100,8.61
183,Chokurdakh,RU,2022-05-17 20:55:39,70.6333,147.9167,29.07,87,100,4.16
184,Derzhavinsk,KZ,2022-05-17 20:55:39,51.1,66.3167,56.61,53,78,3.51
185,Una,IN,2022-05-17 20:55:40,20.8167,71.0333,81.16,77,0,10.89
186,Pemba,MZ,2022-05-17 20:55:40,-12.974,40.5178,75.25,78,41,12.88
187,Chapais,CA,2022-05-17 20:55:41,49.7834,-74.8492,31.78,97,100,18.77
188,Arraial Do Cabo,BR,2022-05-17 20:55:42,-22.9661,-42.0278,73.26,68,20,11.5
189,Victoria,HK,2022-05-17 20:54:04,22.2855,114.1577,73.33,63,97,8.01
190,Cabo San Lucas,MX,2022-05-17 20:55:43,22.8909,-109.9124,87.62,57,74,11.54
191,Novoorsk,RU,2022-05-17 20:55:44,51.381,58.9813,45.25,74,55,6.51
192,Brae,GB,2022-05-17 20:55:44,60.3964,-1.353,49.87,95,100,19.93
193,Labelle,US,2022-05-17 20:55:45,26.7617,-81.4384,95.07,30,2,10.76
194,Matagami,CA,2022-05-17 20:55:46,49.7502,-77.6328,44.71,53,40,23.02
195,Manzanillo,CU,2022-05-17 20:55:46,20.3433,-77.1167,88.45,53,85,8.21
196,Flagstaff,US,2022-05-17 20:55:47,35.1981,-111.6513,81.05,15,0,1.99
197,Brownsville,US,2022-05-17 20:55:47,25.9018,-97.4975,93.09,56,9,8.99
198,Kokkola,FI,2022-05-17 20:51:12,63.8385,23.1307,41.04,73,0,6.91
199,Thomastown,IE,2022-05-17 20:55:48,52.5267,-7.1372,54.99,89,53,14.12
200,Vredendal,ZA,2022-05-17 20:55:51,-31.6683,18.5012,74.59,24,100,7.87
201,Orizari,MK,2022-05-17 20:55:51,41.9228,22.4469,63.0,77,69,0.96
202,Sao Filipe,CV,2022-05-17 20:55:52,14.8961,-24.4956,76.48,68,100,4.99
203,Plast,RU,2022-05-17 20:55:52,54.3691,60.8136,46.69,85,45,9.73
204,Kirakira,SB,2022-05-17 20:55:53,-10.4544,161.9205,81.66,77,14,3.47
205,Veraval,IN,2022-05-17 20:55:53,20.9,70.3667,82.53,74,0,12.19
206,Peniche,PT,2022-05-17 20:55:54,39.3558,-9.3811,66.07,93,100,4.29
207,Lasa,IT,2022-05-17 20:55:54,46.6166,10.7002,56.53,82,47,5.73
208,Tuktoyaktuk,CA,2022-05-17 20:55:55,69.4541,-133.0374,30.2,86,100,12.66
209,Novosil,RU,2022-05-17 20:55:56,52.9739,37.0405,41.77,95,99,11.63
210,Kahului,US,2022-05-17 20:55:57,20.8947,-156.47,82.98,67,28,2.55
211,Sakaiminato,JP,2022-05-17 20:55:57,35.55,133.2333,51.78,93,20,6.91
212,Nemuro,JP,2022-05-17 20:54:35,43.3236,145.575,45.28,95,98,10.89
213,Lazurne,UA,2022-05-17 20:55:58,46.084,32.5295,60.08,82,100,8.16
214,Puerto Leguizamo,CO,2022-05-17 20:55:59,-0.1934,-74.7819,70.86,100,100,3.33
215,Comodoro Rivadavia,AR,2022-05-17 20:55:59,-45.8667,-67.5,55.26,62,0,11.5
216,Sosnovo-Ozerskoye,RU,2022-05-17 20:56:00,52.5249,111.5418,44.89,79,25,7.38
217,Olafsvik,IS,2022-05-17 20:56:00,64.8945,-23.7142,50.83,73,81,9.46
218,Moorhead,US,2022-05-17 20:56:01,46.8739,-96.7676,64.42,55,0,6.91
219,Kavaratti,IN,2022-05-17 20:56:02,10.5669,72.642,80.8,87,100,20.38
220,Castro,BR,2022-05-17 20:56:02,-24.7911,-50.0119,44.13,61,5,12.03
221,Slave Lake,CA,2022-05-17 20:56:03,55.2834,-114.769,53.58,43,0,8.05
222,Bengkulu,ID,2022-05-17 20:57:03,-3.8004,102.2655,76.33,89,11,3.8
223,Porto Walter,BR,2022-05-17 20:57:04,-8.2686,-72.7439,74.41,72,100,4.27
224,Porto Santo,PT,2022-05-17 20:57:05,33.072,-16.3415,68.38,83,20,4.61
225,Xai-Xai,MZ,2022-05-17 20:57:05,-25.0519,33.6442,67.69,85,21,4.45
226,Los Llanos De Aridane,ES,2022-05-17 20:57:07,28.6585,-17.9182,65.95,92,75,13.8
227,Kanigoro,ID,2022-05-17 20:57:07,-8.13,112.219,73.04,93,76,2.44
228,Hazorasp,UZ,2022-05-17 20:57:08,41.3194,61.0742,67.84,45,67,13.98
229,Cockburn Town,TC,2022-05-17 20:57:08,21.4612,-71.1419,80.04,82,83,8.99
230,Ampanihy,MG,2022-05-17 20:57:09,-24.7,44.75,65.43,86,18,13.02
231,Labuhan,ID,2022-05-17 20:57:09,-6.8844,112.2051,78.06,89,97,6.51
232,Fairbanks,US,2022-05-17 20:57:10,64.8378,-147.7164,52.83,54,20,5.75
233,Kuryk,KZ,2022-05-17 20:57:10,43.2,51.65,62.51,57,74,7.83
234,Port Blair,IN,2022-05-17 20:57:11,11.6667,92.75,78.84,94,100,2.3
235,Marolambo,MG,2022-05-17 20:57:12,-20.05,48.1167,59.63,98,55,3.36
236,Burgos,ES,2022-05-17 20:56:08,42.3394,-3.7079,64.81,77,0,4.61
237,Saskylakh,RU,2022-05-17 20:57:13,71.9167,114.0833,7.74,99,100,2.73
238,Okakarara,NA,2022-05-17 20:57:13,-20.5833,17.4333,59.4,45,61,6.71
239,Vostok,RU,2022-05-17 20:57:14,46.4856,135.8833,46.31,87,98,4.0
240,Sarreguemines,FR,2022-05-17 20:56:21,49.0833,7.3333,65.05,69,40,4.65
241,Mbeya,TZ,2022-05-17 20:57:15,-8.9,33.45,52.12,92,18,5.93
242,Dicabisagan,PH,2022-05-17 20:57:16,17.0818,122.4157,77.97,89,100,1.66
243,Vila Velha,BR,2022-05-17 20:57:16,-20.3297,-40.2925,76.95,88,75,11.5
244,Port Alfred,ZA,2022-05-17 20:57:17,-33.5906,26.891,72.25,47,0,8.19
245,Longyearbyen,SJ,2022-05-17 20:57:17,78.2186,15.6401,30.04,74,40,5.75
246,Novosergiyevka,RU,2022-05-17 20:57:18,52.0934,53.6528,48.33,90,100,8.66
247,Puerto Escondido,MX,2022-05-17 20:57:19,15.85,-97.0667,89.82,51,77,9.13
248,Port Elizabeth,ZA,2022-05-17 20:54:13,-33.918,25.5701,59.29,72,0,2.3
249,Karratha,AU,2022-05-17 20:57:20,-20.7377,116.8463,72.59,91,86,8.46
250,Amazar,RU,2022-05-17 20:57:22,53.858,120.875,39.83,61,6,1.03
251,Moron,AR,2022-05-17 20:57:05,-34.6534,-58.6198,56.97,75,100,15.03
252,Narsaq,GL,2022-05-17 20:57:24,60.9167,-46.05,42.55,78,26,4.9
253,Klaksvik,FO,2022-05-17 20:57:24,62.2266,-6.589,49.12,99,100,14.92
254,Rudbar,AF,2022-05-17 20:57:25,30.15,62.6,85.75,12,0,2.44
255,Cartagena,CO,2022-05-17 20:56:05,10.3997,-75.5144,83.82,84,75,4.61
256,Ilulissat,GL,2022-05-17 20:57:26,69.2167,-51.1,29.62,84,7,5.08
257,Damietta,EG,2022-05-17 20:57:26,31.4165,31.8133,69.69,73,0,7.65
258,Mahebourg,MU,2022-05-17 20:57:27,-20.4081,57.7,73.69,64,20,10.36
259,Namatanai,PG,2022-05-17 20:57:28,-3.6667,152.4333,80.24,80,6,6.06
260,Ibateguara,BR,2022-05-17 20:57:28,-8.9725,-35.9394,71.47,96,99,5.26
261,Alabino,RU,2022-05-17 20:57:29,55.5268,37.0103,48.06,81,0,13.42
262,Port Moresby,PG,2022-05-17 20:57:31,-9.4431,147.1797,71.02,100,20,5.75
263,Grindavik,IS,2022-05-17 20:57:31,63.8424,-22.4338,53.55,76,75,12.66
264,Hamilton,US,2022-05-17 20:57:32,39.1834,-84.5333,81.23,35,4,8.99
265,Flinders,AU,2022-05-17 20:57:32,-34.5833,150.8552,57.18,59,0,8.99
266,Lebu,CL,2022-05-17 20:57:33,-37.6167,-73.65,55.96,61,38,2.91
267,Bambous Virieux,MU,2022-05-17 20:57:34,-20.3428,57.7575,73.65,64,20,10.36
268,Son La,VN,2022-05-17 20:57:34,21.3167,103.9,64.27,87,99,1.77
269,Tilichiki,RU,2022-05-17 20:57:35,60.4667,166.1,31.8,100,100,0.45
270,Caldwell,US,2022-05-17 20:58:36,43.6629,-116.6874,73.78,35,0,7.0
271,Haverfordwest,GB,2022-05-17 20:58:36,51.8017,-4.9691,54.05,91,37,3.0
272,Isangel,VU,2022-05-17 20:58:37,-19.55,169.2667,77.86,82,95,16.26
273,Havre-Saint-Pierre,CA,2022-05-17 20:58:38,50.2334,-63.5986,43.16,93,100,20.71
274,Kassala,SD,2022-05-17 20:58:39,15.451,36.4,94.55,16,1,8.34
275,Arauco,CL,2022-05-17 20:58:22,-37.2463,-73.3175,58.66,56,11,2.95
276,Riyadh,SA,2022-05-17 20:56:41,24.6877,46.7219,82.54,16,0,6.33
277,Cherskiy,RU,2022-05-17 20:58:41,68.75,161.3,44.82,79,81,8.3
278,Copperas Cove,US,2022-05-17 20:58:41,31.1241,-97.9031,98.29,31,67,18.01
279,Sfantu Gheorghe,RO,2022-05-17 20:58:44,45.8667,25.7833,59.67,97,100,2.15
280,Bhaderwah,IN,2022-05-17 20:58:45,32.9784,75.7186,56.91,68,5,2.8
281,Niquelandia,BR,2022-05-17 20:58:46,-14.4739,-48.4597,80.22,47,84,5.93
282,Cayenne,GF,2022-05-17 20:58:46,4.9333,-52.3333,82.09,1,75,8.01
283,Clonmel,IE,2022-05-17 20:58:47,52.355,-7.7039,54.97,91,87,15.46
284,Takanabe,JP,2022-05-17 20:58:49,32.1333,131.5,58.32,58,100,4.52
285,Ostrov,RU,2022-05-17 20:58:50,57.3439,28.3537,44.33,82,100,11.56
286,Baruun-Urt,MN,2022-05-17 20:58:50,46.6806,113.2792,53.24,26,91,5.84
287,Codrington,AU,2022-05-17 20:58:51,-38.2667,141.9667,52.21,69,99,17.38
288,Leshukonskoye,RU,2022-05-17 20:58:52,64.8989,45.7622,33.1,83,100,6.31
289,Bonfim,BR,2022-05-17 20:58:53,3.0833,-59.95,80.11,85,100,3.06
290,Sindor,RU,2022-05-17 20:58:55,62.8629,51.8905,36.01,82,100,5.37
291,Vestmanna,FO,2022-05-17 20:58:55,62.1564,-7.1664,47.32,93,75,13.8
292,Babati,TZ,2022-05-17 20:58:56,-4.2167,35.75,62.01,79,88,2.66
293,Half Moon Bay,US,2022-05-17 20:58:57,37.4636,-122.4286,81.88,66,0,17.27
294,Nacala,MZ,2022-05-17 20:58:57,-14.5428,40.6728,70.18,87,16,7.61
295,Chicama,PE,2022-05-17 20:59:00,-7.8447,-79.1469,64.94,64,66,9.78
296,Plattsburgh,US,2022-05-17 20:59:01,44.6995,-73.4529,58.21,66,95,14.92
297,Helong,CN,2022-05-17 20:59:01,42.5397,128.9972,49.71,68,94,6.2
298,Nyimba,ZM,2022-05-17 20:59:02,-14.5566,30.8149,64.54,73,63,4.5
299,San Patricio,US,2022-05-17 20:59:03,28.017,-97.5169,96.19,43,7,19.89
300,Pevek,RU,2022-05-17 20:59:03,69.7008,170.3133,32.86,99,100,3.96
301,Molde,NO,2022-05-17 20:59:04,62.7375,7.1591,53.71,58,0,4.61
302,Matara,LK,2022-05-17 20:59:04,5.9485,80.5353,78.67,90,97,13.2
303,Mitzic,GA,2022-05-17 20:59:05,0.7821,11.549,68.45,98,72,2.01
304,Lamu,KE,2022-05-17 20:59:05,-2.2717,40.902,79.63,79,8,16.35
305,Avera,US,2022-05-17 20:59:07,33.194,-82.5271,88.38,27,0,3.56
306,Grand Gaube,MU,2022-05-17 20:59:08,-20.0064,57.6608,73.8,66,89,17.83
307,Vila Franca Do Campo,PT,2022-05-17 20:59:09,37.7167,-25.4333,62.2,81,84,12.1
308,Antofagasta,CL,2022-05-17 20:55:46,-23.65,-70.4,68.22,60,79,7.05
309,Gourcy,BF,2022-05-17 20:59:12,13.2167,-2.35,89.22,25,84,2.46
310,Talnakh,RU,2022-05-17 20:59:12,69.4865,88.3972,37.98,90,98,4.63
311,Caravelas,BR,2022-05-17 20:59:13,-17.7125,-39.2481,78.28,84,11,9.26
312,Manoel Urbano,BR,2022-05-17 20:59:14,-8.8389,-69.2597,76.86,62,100,1.88
313,Nagato,JP,2022-05-17 20:59:15,34.3833,131.2,60.01,65,0,5.68
314,Oussouye,SN,2022-05-17 20:59:16,12.485,-16.5469,86.18,81,66,11.16
315,San Cristobal,VE,2022-05-17 20:59:17,7.7669,-72.225,78.98,55,73,6.96
316,Ancud,CL,2022-05-17 20:54:22,-41.8697,-73.8203,49.51,68,100,7.65
317,Willmar,US,2022-05-17 21:00:19,45.1219,-95.0433,66.38,42,75,10.36
318,Kharp,RU,2022-05-17 21:00:24,66.8014,65.8081,33.4,86,30,7.54
319,Krasnyy Chikoy,RU,2022-05-17 21:00:24,50.3643,108.7512,44.26,89,46,3.11
320,Gisborne,NZ,2022-05-17 21:00:25,-38.6533,178.0042,65.55,84,44,5.35
321,Melito Di Porto Salvo,IT,2022-05-17 21:00:26,37.9222,15.7714,68.74,68,4,16.11
322,Loa Janan,ID,2022-05-17 21:00:26,-0.583,117.095,73.4,98,60,1.95
323,Mandalgovi,MN,2022-05-17 21:00:28,45.7625,106.2708,56.61,34,100,6.85
324,Lisakovsk,KZ,2022-05-17 20:59:02,52.5369,62.4936,50.52,76,71,9.31
325,Souillac,MU,2022-05-17 21:00:30,-20.5167,57.5167,72.55,66,14,13.89
326,Kuzino,RU,2022-05-17 21:00:31,57.0224,59.4412,44.46,92,91,4.81
327,Ballina,AU,2022-05-17 21:00:31,-28.8667,153.5667,62.78,90,99,3.47
328,Gizo,SB,2022-05-17 20:58:20,-8.103,156.8419,83.71,69,4,6.42
329,Port Hardy,CA,2022-05-17 21:00:33,50.6996,-127.4199,51.46,66,84,8.7
330,Petropavlovsk-Kamchatskiy,RU,2022-05-17 20:58:20,53.0452,158.6483,46.99,66,20,6.71
331,Moose Factory,CA,2022-05-17 21:00:35,51.2585,-80.6094,51.26,35,18,10.94
332,Snasa,NO,2022-05-17 21:00:36,64.2457,12.3778,45.81,69,86,1.43
333,Clearlake,US,2022-05-17 21:00:37,38.9582,-122.6264,85.35,26,0,4.76
334,Ndjole,GA,2022-05-17 21:00:38,-0.1783,10.7649,74.39,99,80,1.66
335,Yerkoy,TR,2022-05-17 21:00:38,39.6381,34.4672,55.42,73,7,0.81
336,Constitucion,CL,2022-05-17 21:00:39,-35.3333,-72.4167,57.52,64,2,3.36
337,Kandrian,PG,2022-05-17 21:00:40,-6.2167,149.55,78.22,86,27,4.07
338,Nouakchott,MR,2022-05-17 21:00:28,18.0858,-15.9785,80.53,47,40,18.5
339,Victor Harbor,AU,2022-05-17 21:00:42,-35.5667,138.6167,51.67,80,27,8.63
340,Praia Da Vitoria,PT,2022-05-17 21:00:43,38.7333,-27.0667,58.75,71,49,13.58
341,Yeppoon,AU,2022-05-17 21:00:44,-23.1333,150.7333,69.58,83,0,7.05
342,Tolaga Bay,NZ,2022-05-17 21:00:45,-38.3667,178.3,65.89,84,78,5.53
343,Xichang,CN,2022-05-17 21:00:46,27.8964,102.2634,57.72,95,100,2.8
344,Humaita,BR,2022-05-17 21:00:48,-7.5061,-63.0208,74.28,80,100,3.56
345,Qandala,SO,2022-05-17 21:00:49,11.472,49.8728,87.21,43,28,2.8
346,Namibe,AO,2022-05-17 21:00:50,-15.1961,12.1522,71.51,69,0,7.87
347,Mount Gambier,AU,2022-05-17 21:00:52,-37.8333,140.7667,48.11,87,40,20.71
348,Santa Cruz Del Sur,CU,2022-05-17 21:00:52,20.7147,-77.9956,83.86,69,68,8.08
349,Torrington,US,2022-05-17 21:00:53,41.8007,-73.1212,73.78,42,61,10.0
350,Ostrovnoy,RU,2022-05-17 21:00:54,68.0531,39.5131,33.6,95,100,14.83
351,Kununurra,AU,2022-05-17 21:00:55,-15.7667,128.7333,67.98,88,7,0.0
352,Phuket,TH,2022-05-17 20:56:26,8.0,98.25,87.13,93,20,2.3
353,Iberia,US,2022-05-17 21:00:57,29.9502,-91.7507,93.06,70,65,13.71
354,Eydhafushi,MV,2022-05-17 21:00:57,5.1033,73.0708,83.03,79,100,24.4
355,Bereda,ES,2022-05-17 21:00:58,43.2686,-7.5406,54.93,99,39,0.16
356,Salalah,OM,2022-05-17 21:00:59,17.0151,54.0924,79.99,71,6,2.37
357,Leirvik,NO,2022-05-17 21:01:00,59.7798,5.5005,57.63,67,17,3.76
358,Veseloyarsk,RU,2022-05-17 21:01:04,51.2836,81.1056,64.31,48,60,8.84
359,Iquique,CL,2022-05-17 21:01:04,-20.2208,-70.1431,68.14,68,48,9.75
360,Manaure,CO,2022-05-17 21:01:05,11.7751,-72.4445,89.02,60,100,6.91
361,Vestmannaeyjar,IS,2022-05-17 21:01:06,63.4427,-20.2734,49.08,87,95,27.31
362,Avila,ES,2022-05-17 21:02:09,40.5833,-5.0,63.64,72,100,2.26
363,George,ZA,2022-05-17 21:02:09,-33.963,22.4617,74.98,35,4,15.23
364,Sovetskaya,RU,2022-05-17 21:02:10,44.7769,41.1722,48.88,86,94,5.23
365,Tukrah,LY,2022-05-17 21:02:11,32.5341,20.5791,71.87,41,0,6.78
366,Port Shepstone,ZA,2022-05-17 21:02:12,-30.7414,30.455,66.06,75,0,7.27
367,Poum,NC,2022-05-17 21:02:13,-20.2333,164.0167,76.73,77,88,8.55
368,Boa Vista,BR,2022-05-17 21:00:54,2.8197,-60.6733,82.38,78,75,5.75
369,Lorengau,PG,2022-05-17 21:02:15,-2.0226,147.2712,81.9,72,27,6.98
370,Piacabucu,BR,2022-05-17 21:02:16,-10.4056,-36.4344,78.75,86,58,7.56
371,Coquimbo,CL,2022-05-17 21:02:18,-29.9533,-71.3436,59.07,75,17,5.19
372,Itaituba,BR,2022-05-17 21:02:18,-4.2761,-55.9836,78.22,94,96,1.48
373,Dunedin,NZ,2022-05-17 21:02:20,-45.8742,170.5036,49.8,81,21,1.99
374,Pervomayskoye,RU,2022-05-17 21:00:52,43.919,46.7102,60.24,65,83,8.72
375,Clyde River,CA,2022-05-17 21:02:22,70.4692,-68.5914,27.88,87,76,1.97
376,Port Macquarie,AU,2022-05-17 21:02:23,-31.4333,152.9167,52.9,87,2,5.03
377,Porto Novo,BJ,2022-05-17 21:02:24,6.4965,2.6036,81.41,85,99,8.43
378,Alice Springs,AU,2022-05-17 21:02:25,-23.7,133.8833,54.95,47,100,6.91
379,Viedma,AR,2022-05-17 21:02:26,-40.8135,-62.9967,49.64,66,0,5.84
380,Coahuayana,MX,2022-05-17 21:02:27,18.7333,-103.6833,91.85,32,92,9.35
381,Acapulco,MX,2022-05-17 21:01:42,16.8634,-99.8901,89.38,48,54,12.21
382,Sisimiut,GL,2022-05-17 21:02:28,66.9395,-53.6735,38.17,56,14,10.85
383,Dali,CN,2022-05-17 21:02:29,25.7,100.1833,59.58,93,99,4.54
384,Blagoyevo,RU,2022-05-17 21:02:30,63.3667,47.9167,36.18,78,100,6.73
385,Ryotsu,JP,2022-05-17 21:02:31,38.0833,138.4333,57.74,66,1,4.65
386,Kaiu,EE,2022-05-17 21:02:32,59.0129,25.0551,45.99,95,57,4.94
387,Sitka,US,2022-05-17 21:02:33,57.0531,-135.33,43.38,90,100,6.13
388,Chino Valley,US,2022-05-17 21:02:34,34.7575,-112.4538,89.42,12,0,8.01
389,Padang,ID,2022-05-17 21:01:14,-0.9492,100.3543,76.91,80,92,3.53
390,Itanhem,BR,2022-05-17 21:02:36,-17.1664,-40.33,79.43,64,70,2.91
391,Tessalit,ML,2022-05-17 21:02:36,20.1986,1.0114,91.92,7,6,7.11
392,Maura,NO,2022-05-17 21:02:37,60.25,11.0167,53.71,42,0,4.61
393,Klyuchi,RU,2022-05-17 21:02:38,52.2667,79.1667,65.66,46,98,3.94
394,Exeter,GB,2022-05-17 20:58:40,50.7236,-3.5275,55.47,88,20,11.5
395,Grand-Bourg,GP,2022-05-17 21:02:41,15.8835,-61.3148,82.35,82,92,17.02
396,La Primavera,CO,2022-05-17 21:02:42,5.4906,-70.4092,87.46,63,100,2.17
397,Fairview,US,2022-05-17 21:02:44,40.8126,-73.999,78.24,34,0,19.57
398,Southampton,GB,2022-05-17 20:58:28,50.904,-1.4043,61.07,90,20,8.05
399,Moscow,RU,2022-05-17 21:00:48,55.7522,37.6156,48.63,80,86,9.08
400,At-Bashi,KG,2022-05-17 21:02:46,41.1702,75.8106,49.89,53,1,0.98
401,Borazjan,IR,2022-05-17 21:02:46,29.2666,51.2159,87.3,12,0,5.1
402,Pangody,RU,2022-05-17 21:02:47,65.85,74.4859,39.42,85,100,13.89
403,Pandan,PH,2022-05-17 21:02:48,14.0453,124.1694,79.3,86,100,8.21
404,Thabazimbi,ZA,2022-05-17 21:02:48,-24.5917,27.4116,61.23,58,74,1.74
405,Laguna,US,2022-05-17 21:02:49,38.421,-121.4238,89.15,31,0,12.66
406,Zeya,RU,2022-05-17 21:02:50,53.75,127.2667,41.09,58,24,1.32
407,Coihaique,CL,2022-05-17 21:02:51,-45.5752,-72.0662,45.23,59,100,0.74
408,Novobelokatay,RU,2022-05-17 21:02:52,55.7062,58.9549,46.13,94,77,9.31
409,Channel-Port Aux Basques,CA,2022-05-17 21:02:54,47.5702,-59.1367,42.35,97,100,26.57
410,Taoudenni,ML,2022-05-17 21:02:55,22.6783,-3.9836,95.34,6,0,8.14
411,Thomaston,US,2022-05-17 21:02:55,32.8882,-84.3266,88.05,28,0,5.75
412,Bajil,YE,2022-05-17 21:03:56,15.0584,43.2851,88.39,45,72,0.49
413,Morondava,MG,2022-05-17 21:03:57,-20.2833,44.2833,78.42,53,97,11.72
414,Kapit,MY,2022-05-17 21:03:58,2.0167,112.9333,73.33,99,85,1.28
415,Saint-Joseph,RE,2022-05-17 21:04:00,-21.3667,55.6167,68.38,72,42,12.59
416,Vanimo,PG,2022-05-17 21:04:01,-2.6741,141.3028,78.06,89,71,4.76
417,Sabancuy,MX,2022-05-17 21:04:02,18.9667,-91.1833,86.07,60,98,13.09
418,Nanortalik,GL,2022-05-17 21:04:03,60.1432,-45.2371,36.81,86,24,6.15
419,Mocuba,MZ,2022-05-17 21:04:03,-16.8392,36.9856,64.26,98,2,3.27
420,Okhotsk,RU,2022-05-17 21:04:04,59.3833,143.3,33.06,99,100,4.88
421,Muisne,EC,2022-05-17 21:04:05,0.6,-80.0333,78.44,81,100,7.83
422,Waingapu,ID,2022-05-17 21:04:06,-9.6567,120.2641,76.77,85,65,5.77
423,Ust-Kuyga,RU,2022-05-17 21:04:06,70.0167,135.6,26.98,92,100,3.76
424,Sambava,MG,2022-05-17 21:04:07,-14.2667,50.1667,74.35,85,33,10.78
425,Atar,MR,2022-05-17 21:04:07,20.5169,-13.0499,92.98,10,80,10.31
426,Kawalu,ID,2022-05-17 21:04:08,-7.3817,108.2082,71.85,95,100,1.16
427,Bud,US,2022-05-17 21:04:09,39.447,-86.1758,81.82,41,11,7.78
428,Jiamusi,CN,2022-05-17 21:04:10,46.8333,130.35,50.36,79,43,3.2
429,Geraldton,AU,2022-05-17 21:04:13,-28.7667,114.6,61.21,94,75,9.22
430,Kelo,TD,2022-05-17 21:04:13,9.3086,15.8066,85.39,54,97,5.7
431,Pombas,CV,2022-05-17 21:04:14,17.1503,-25.0201,74.98,68,100,10.4
432,Iskateley,RU,2022-05-17 21:04:16,67.6803,53.1512,30.85,93,100,10.02
433,Nha Trang,VN,2022-05-17 21:04:17,12.25,109.1833,77.0,91,100,3.62
434,Ajdabiya,LY,2022-05-17 21:04:17,30.7554,20.2263,69.96,68,0,8.95
435,Henties Bay,NA,2022-05-17 21:04:18,-22.116,14.2845,66.69,56,1,2.82
436,Farafangana,MG,2022-05-17 21:04:19,-22.8167,47.8333,68.36,75,19,2.26
437,Binga,ZW,2022-05-17 21:04:20,-17.6203,27.3414,65.26,65,7,3.29
438,Mont-Dore,NC,2022-05-17 21:04:22,-22.2833,166.5833,75.99,99,66,4.74
439,Tiznit,MA,2022-05-17 21:04:23,29.5833,-9.5,68.34,60,3,2.8
440,Auki,SB,2022-05-17 21:04:24,-8.7676,160.7034,80.04,79,4,2.33
441,Honningsvag,NO,2022-05-17 21:02:25,70.9821,25.9704,35.35,87,75,9.22
442,Baykit,RU,2022-05-17 21:04:25,61.67,96.37,52.25,96,98,3.67
443,Camacha,PT,2022-05-17 21:04:26,33.0833,-16.3333,65.62,83,20,4.61
444,General Pico,AR,2022-05-17 21:04:27,-35.6566,-63.7568,51.35,44,0,7.52
445,Jaisalmer,IN,2022-05-17 21:04:28,26.9147,70.9181,89.46,24,0,14.92
446,Coruripe,BR,2022-05-17 21:04:28,-10.1256,-36.1756,78.15,87,36,7.92
447,Sangar,RU,2022-05-17 21:04:29,63.9242,127.4739,35.46,90,99,3.71
448,Severo-Yeniseyskiy,RU,2022-05-17 21:04:30,60.3725,93.0408,51.08,93,85,6.33
449,Ostersund,SE,2022-05-17 21:04:31,63.1792,14.6357,46.85,36,100,3.44
450,Luangwa,ZM,2022-05-17 21:04:32,-15.6167,30.4167,63.97,76,0,1.97
451,Kisangani,CD,2022-05-17 21:04:33,0.5167,25.2,72.45,94,95,3.65
452,Vardo,NO,2022-05-17 21:04:33,70.3705,31.1107,35.58,80,100,16.11
453,San Carlos De Bariloche,AR,2022-05-17 21:03:59,-41.1456,-71.3082,41.09,56,96,4.56
454,Tveit,NO,2022-05-17 21:04:35,58.2337,8.122,49.08,66,0,9.22
455,Malkerns,SZ,2022-05-17 21:04:36,-26.5667,31.1833,56.89,93,5,2.86
456,Linxia,CN,2022-05-17 21:04:37,35.6003,103.2064,52.57,68,100,5.55
457,Ust-Tsilma,RU,2022-05-17 21:05:37,65.441,52.1498,33.4,84,100,6.87
458,Uthal,PK,2022-05-17 21:05:38,25.8072,66.6219,83.39,67,0,8.68
459,Mampong,GH,2022-05-17 21:05:38,7.0627,-1.4001,76.91,73,78,5.95
460,Macapa,BR,2022-05-17 21:05:39,0.0389,-51.0664,82.38,83,75,3.44
461,Pulandian,CN,2022-05-17 21:05:39,39.3953,121.9669,54.66,94,100,6.78
462,Mandera,KE,2022-05-17 21:05:40,3.9366,41.867,81.95,58,48,18.37
463,Khasan,RU,2022-05-17 21:05:41,42.4308,130.6434,50.56,72,66,2.19
464,Tiksi,RU,2022-05-17 21:05:41,71.6872,128.8694,22.08,96,100,7.16
465,Ler,SS,2022-05-17 21:05:43,8.3018,30.1418,80.13,61,83,4.23
466,Maku,IR,2022-05-17 21:05:44,39.2911,44.4521,55.87,69,78,1.05
467,Hobyo,SO,2022-05-17 21:05:44,5.3505,48.5268,80.76,78,38,22.44
468,Srandakan,ID,2022-05-17 21:05:45,-7.9386,110.2506,76.89,88,100,3.24
469,Deniliquin,AU,2022-05-17 21:05:46,-35.5333,144.9667,53.89,67,100,9.8
470,Malinyi,TZ,2022-05-17 21:05:47,-8.9333,36.1333,71.42,65,92,1.95
471,Ulladulla,AU,2022-05-17 21:05:48,-35.35,150.4667,51.24,66,0,9.73
472,Along,IN,2022-05-17 21:05:49,28.1667,94.7667,70.3,100,100,0.81
473,Columbia,US,2022-05-17 21:05:50,34.0007,-81.0348,87.06,32,0,9.22
474,Vilyuysk,RU,2022-05-17 21:05:50,63.7553,121.6247,34.16,94,100,5.23
475,Port Hawkesbury,CA,2022-05-17 21:05:51,45.6169,-61.3485,55.81,99,100,5.99
476,Mountain Home,US,2022-05-17 21:05:51,43.133,-115.6912,70.59,28,26,16.4
477,Aksu,CN,2022-05-17 21:03:19,41.1231,80.2644,67.53,42,100,14.12
478,Kruisfontein,ZA,2022-05-17 21:05:52,-34.0033,24.7314,70.12,30,1,8.68
479,Vanavara,RU,2022-05-17 21:05:53,60.34,102.2797,49.66,88,94,4.16
480,Aitape,PG,2022-05-17 21:05:53,-3.1374,142.3475,78.84,84,7,4.9
481,Talwandi Bhai,IN,2022-05-17 21:04:36,30.85,74.9333,89.64,16,17,5.68
482,Turbat,PK,2022-05-17 21:05:55,26.0023,63.044,90.12,17,0,1.57
483,Barinas,VE,2022-05-17 21:05:57,8.6226,-70.2075,82.6,75,100,5.23
484,Cairns,AU,2022-05-17 21:05:58,-16.9167,145.7667,70.07,94,6,6.91
485,Kasongo-Lunda,CD,2022-05-17 21:03:41,-6.4667,16.8167,75.33,62,52,1.07
486,Kargil,IN,2022-05-17 21:06:00,34.5667,76.1,44.35,57,99,4.63
487,Bonavista,CA,2022-05-17 21:06:02,48.6499,-53.1147,40.3,82,100,13.96
488,Bambari,CF,2022-05-17 21:06:03,5.768,20.6757,75.02,82,100,4.79
489,Yamethin,MM,2022-05-17 21:06:04,20.4333,96.15,76.33,89,78,7.67
490,Baculin,PH,2022-05-17 21:06:04,7.4525,126.5842,77.79,85,69,3.15
491,Komsomolskiy,UZ,2022-05-17 21:06:05,40.4272,71.7189,74.77,36,80,3.74
492,Gasa,PS,2022-05-17 21:02:04,31.5,34.4667,61.88,81,0,3.2
493,Velikiy Ustyug,RU,2022-05-17 21:06:06,60.7644,46.3106,36.14,81,78,8.57
494,Itupiranga,BR,2022-05-17 21:06:07,-5.1347,-49.3267,82.72,90,76,2.8
495,Benghazi,LY,2022-05-17 21:06:08,32.1167,20.0667,71.15,53,0,3.02
496,Port-Cartier,CA,2022-05-17 21:06:09,50.0334,-66.8654,43.02,98,100,16.98
497,Neuquen,AR,2022-05-17 21:02:03,-38.9516,-68.0591,53.87,32,0,7.34
498,Tarbagatay,RU,2022-05-17 21:06:09,51.4803,107.3602,42.33,69,63,3.89
499,Zhuhai,CN,2022-05-17 21:06:07,22.2769,113.5678,73.11,64,0,11.5
500,Bauska,LV,2022-05-17 21:06:12,56.4075,24.1906,37.83,85,5,8.84
501,Neya,RU,2022-05-17 21:02:55,58.2972,43.8681,43.41,77,100,9.95
502,Poitiers,FR,2022-05-17 21:02:15,46.5833,0.3333,70.21,60,0,10.36
503,Labrea,BR,2022-05-17 21:06:13,-7.2586,-64.7981,72.12,90,100,2.28
504,Manavgat,TR,2022-05-17 21:03:33,36.7867,31.4431,68.34,68,4,2.59
505,Sawakin,SD,2022-05-17 21:07:17,19.1059,37.3321,82.44,68,0,14.79
506,Boyolangu,ID,2022-05-17 21:07:17,-8.1181,111.8935,75.2,92,81,0.34
507,Mahajanga,MG,2022-05-17 21:07:18,-15.7167,46.3167,77.02,65,75,10.36
508,Singaraja,ID,2022-05-17 21:07:19,-8.112,115.0882,79.84,81,95,4.16
509,Esperantina,BR,2022-05-17 21:07:19,-3.9017,-42.2336,80.53,79,92,4.56
510,Tocopilla,CL,2022-05-17 21:07:20,-22.092,-70.1979,70.12,58,63,6.42
511,Todos Santos,MX,2022-05-17 21:07:21,23.45,-110.2167,74.19,60,76,7.96
512,Marzuq,YE,2022-05-17 21:07:21,14.4,46.4667,73.2,24,15,2.44
513,Rio Claro,BR,2022-05-17 21:07:22,-22.4114,-47.5614,53.15,49,0,7.81
514,Portland,US,2022-05-17 21:07:19,45.5234,-122.6762,67.15,47,75,4.0
515,Santa Clara,CU,2022-05-17 21:07:23,22.4,-79.9667,83.86,74,40,4.61
516,Codajas,BR,2022-05-17 21:07:23,-3.8367,-62.0569,78.6,91,91,3.76
517,Pathardih,IN,2022-05-17 21:07:24,23.6667,86.4333,86.54,52,12,7.74
518,Indramayu,ID,2022-05-17 21:04:31,-6.3264,108.32,80.91,78,100,7.23
519,Qaqortoq,GL,2022-05-17 21:07:26,60.7167,-46.0333,37.81,82,26,3.98
520,Jiwani,PK,2022-05-17 21:07:26,25.05,61.7417,84.25,74,0,15.35
521,Dwarka,IN,2022-05-17 21:07:27,22.2394,68.9678,82.56,74,0,17.47
522,Nhulunbuy,AU,2022-05-17 21:07:28,-12.2333,136.7667,74.01,88,56,4.61
523,Glen Allen,US,2022-05-17 21:07:29,37.666,-77.5064,85.01,35,0,12.66
524,Stutterheim,ZA,2022-05-17 21:07:30,-32.5708,27.424,59.34,49,0,6.69
525,Jijiga,ET,2022-05-17 21:07:31,9.35,42.8,66.29,56,100,8.25
526,Santarem,BR,2022-05-17 21:05:54,-2.4431,-54.7083,84.33,84,20,4.61
527,Alice Town,BS,2022-05-17 21:07:34,25.7167,-79.3,80.28,68,0,4.38
528,Brownwood,US,2022-05-17 21:07:35,31.7093,-98.9912,103.32,11,0,12.66
529,Salmon Creek,US,2022-05-17 21:07:36,45.7107,-122.649,66.81,44,0,5.75
530,Evensk,RU,2022-05-17 21:07:38,61.95,159.2333,35.85,96,100,2.8
531,Chimore,BO,2022-05-17 21:07:40,-16.9833,-65.1333,67.6,68,99,2.57
532,Pobe,BJ,2022-05-17 21:07:40,6.9801,2.6649,78.55,83,63,6.58
533,Powell River,CA,2022-05-17 21:07:41,49.8496,-124.5361,58.33,51,86,6.4
534,Rassvet,RU,2022-05-17 21:07:42,46.8333,40.75,53.62,83,6,8.46
535,Chissamba,AO,2022-05-17 21:07:43,-12.1667,17.3333,64.83,43,93,2.93
536,Makakilo City,US,2022-05-17 21:07:44,21.3469,-158.0858,82.72,63,0,13.8
537,Camabatela,AO,2022-05-17 21:07:46,-8.1881,15.375,68.83,67,100,0.38
538,Puerto Carreno,CO,2022-05-17 21:07:48,6.189,-67.4859,85.71,72,100,5.3
539,Okato,NZ,2022-05-17 21:04:16,-39.2,173.8833,65.17,75,22,3.29
540,Yulara,AU,2022-05-17 21:07:50,-25.2406,130.9889,63.55,29,100,11.86
541,Kostomuksha,RU,2022-05-17 21:07:19,64.571,30.5767,34.81,88,100,5.93
542,Slonim,BY,2022-05-17 21:07:52,53.0867,25.3219,38.16,81,63,10.45
543,Ormara,PK,2022-05-17 21:07:52,25.2088,64.6357,82.69,80,0,19.8
544,Kieta,PG,2022-05-17 21:07:53,-6.2167,155.6333,80.2,82,0,3.71
545,El Alto,PE,2022-05-17 21:07:54,-4.2714,-81.2147,73.06,73,97,11.74
546,Trincomalee,LK,2022-05-17 21:07:55,8.5711,81.2335,82.51,75,100,20.8
547,Nome,US,2022-05-17 21:07:56,64.5011,-165.4064,40.15,68,0,8.05
548,Pitimbu,BR,2022-05-17 21:07:57,-7.4706,-34.8086,81.19,79,32,9.15
549,Beidao,CN,2022-05-17 21:07:57,34.5686,105.8933,55.78,78,100,3.38
550,Dondo,MZ,2022-05-17 21:08:58,-19.6094,34.7431,66.02,93,9,5.53
551,Ozernovskiy,RU,2022-05-17 21:08:59,51.5,156.5167,43.52,69,100,1.01
552,Barcelos,PT,2022-05-17 21:08:59,41.5388,-8.6151,65.91,97,75,1.5
553,Enid,US,2022-05-17 21:09:00,36.3956,-97.8784,93.02,50,40,23.02
554,Mogadishu,SO,2022-05-17 21:09:01,2.0371,45.3438,80.55,78,76,15.97
555,Port Arthur,CN,2022-05-17 21:06:10,38.8,121.2667,61.02,82,98,10.11
556,Port Augusta,AU,2022-05-17 21:09:03,-32.5,137.7667,52.81,76,100,4.41
557,Teguldet,RU,2022-05-17 21:09:06,57.3064,88.1667,62.13,65,65,9.17
558,Vila,PT,2022-05-17 21:09:06,42.0304,-8.1588,53.71,91,80,3.56
559,Santa Isabel Do Rio Negro,BR,2022-05-17 21:09:07,-0.4139,-65.0192,77.72,97,94,1.07
560,Kijang,KR,2022-05-17 21:06:37,35.2442,129.2139,61.79,63,0,5.82
561,Penzance,GB,2022-05-17 21:04:47,50.1186,-5.5371,56.08,87,14,24.56
562,Ust-Omchug,RU,2022-05-17 21:09:10,61.15,149.6333,30.96,86,99,4.83
563,Boca Do Acre,BR,2022-05-17 21:09:10,-8.7522,-67.3978,77.86,60,82,4.83
564,La Macarena,CO,2022-05-17 21:09:11,2.1837,-73.7849,79.02,91,98,2.37
565,Jawhar,SO,2022-05-17 21:09:12,2.7809,45.5005,77.27,81,68,13.09
